file,package,version_name,version_code,min_sdk,target_sdk,split_apks,bytes,sha256,signed_v1,signed_v2,signed_v3,cert_sha256,status
abs.android.absoft.com.apk,abs.android.absoft.com,3.6.2,256,26,36,1,33376769,63da85740e114b4ed91f03cb7510f3ca51b35f73a23b2e709c4f7fb8175849f1,False,True,False,7a66b340adebb3c227dd3705e113bea005e5b0c4ccd0bf1bb92b0a657b99b3eb,ok
biz.didan.caferestoran.xapk,biz.didan.caferestoran,2.416,482,21,36,2,6045202,19d979417ae30b52b6433e72dc9f30b4df676a3c85433d69a312ebd34ca4297f,True,True,True,c155635a16a4adbde2fef92db10698632b764d7ee0e6e10a67ae13f6167b2f37,ok
by.iba.tapxphone.apk,by.iba.tapxphone,2.1.0,700,26,37,1,49011706,314a37c6232cd6475ec946515d192dd590eb95b32d7af640602873b57f849d50,True,True,True,d54a904abaad268c5b68ce089da60f056ace26337b6e505f1323d94a1f852737,ok
co.tunder.xapk,co.tunder,4.8.7,412,24,36,20,60111169,5208d8c830848df55b41cd948c62f46620cd9edba59d05f59d1f466cd6121718,False,True,True,eedd497e400b7de793c85e7c99ce74d18c629c80ca561719b6c7cbbf7890469d,ok
com.aadhk.wnopos.apk,com.aadhk.wnopos,1.8.1.5,192,15,22,1,7823790,d1a45eb5d593db29cb58fb6c70d84e4a370cea8828ee5a0936239e2fad6fb866,True,False,False,68669e002eb4a77c377bdcb6ebaec0d8ea90acd788c5e7460605e629506d015b,ok
com.acespritech.mobile.android_pos_v10.apk,com.acespritech.mobile.android_pos_v10,1,1,16,27,1,11584445,8bba501e37253f0bc4fcd36dc9ebd0fe07b686be3ad3dc1210417cb25f0b62c1,True,True,False,9219acea1b0b2879c31fc52d083aa6ddc47f792f6b624f79f1e87b3671e9660e,ok
com.acespritech.mobile.android_pos_v11.apk,com.acespritech.mobile.android_pos_v11,2,2,14,27,1,11730067,108d287055bd39cc4bea551c22a3af2d92987650f11d8e3afb6c414460000ccd,True,True,False,e6f70546b4ad05da3789bc55ee975eb965a5233c7b65c151509d27b82e4b416e,ok
com.acespritech.mobile.android_pos_v12.apk,com.acespritech.mobile.android_pos_v12,1.2,10,16,28,1,13987532,c5b4591ad28d2c9482acc7768cc09ab29d4ce02b587779dadefbc71c82c991e2,True,True,False,bd40b8eefaa1223294c6e3eb74d131fe68e37bbd68990228e6efe620ae940c0f,ok
com.aevi.mpos.gp.cz.xapk,com.aevi.mpos.gp.cz,4.6.1,4612,23,35,3,14756426,e4841325212f42fe6a7f29729b56ee701665ca52af3442d3733a5ae2cdae42d2,True,True,True,51922c2ee5b9f7aecbce0d0f27e49640d33ce0de3f52a957592082f58783ed0c,ok
com.auco.android.apk,com.auco.android,6.21012,21012,19,32,1,42774330,d0f5ca0d7aa43fbaa859236c6fd7743017a59828047191ca94359d3b2ea16af5,True,True,False,3207834aa21c8280ea930ef29c7dfd93c5eb7b978758f9e07bcaac22bf7109e0,ok
com.billing.system.xapk,com.billing.system,6.0.4.34,191,24,36,3,32871380,0bb8e4be8aca99fccfb401ea571f445afd4e7173d0d01698d1700c842f8e004a,False,True,True,9536c16c49f1614ab22c1bc36b6198604914a8f1797233a2b674bd83d32330ef,ok
com.bits.bee.bpmc.apk,com.bits.bee.bpmc,2.6.19 (Beepos Mobile),333,23,36,1,53128720,091db7e1996e93249eb720bb37574fd5d0077a426fdfd7f202701f80ab0c3ed9,True,True,False,1593d79c3bf9d13c999cf17a3bd0b707333b4e71acf05a3bba105ba7447d4fd1,ok
com.caresol.android.apk,com.caresol.android,1.0.3,3,15,23,1,2133156,8db68665e05c663d45d644f99c0dc559d268510871d0d0bc4abd92599e3fbc0b,True,False,False,bceb42462471a36d5b06a8d06a88399748d06c7f40d99e263f977c99240aa2a8,ok
com.carropago.carropagobbpos.apk,com.carropago.carropagobbpos,3.0.7,21,23,30,1,5549327,cb488aaee84dd4ca955423bd6010b60815555aadce03687199b1b7636ba29a9f,True,True,True,fee3067aee6aa514477674ebe4234a0d570cd9810b9ec21b5316763f96e24087,ok
com.cba.payable.apk,com.cba.payable,2.7.67 L,2767,26,35,1,26644677,add106c09f033b9fa9b175d1bcceab8e4cbf727b211cf3b2d0c36c8170c2be77,False,True,False,4f92f5c3496ed1119aee36ca431986a614cc43c3580b263ddd09a29fed600734,ok
com.codemobiles.pospos.xapk,com.codemobiles.pospos,38.3,403,24,36,3,92330568,09813d4cb1e556e37bce7e75b27fb35118f712ad0f90ec001cd881ca9e336141,False,True,True,d953da0788424a5b57512d7c740da469b1f2c988a618167bc57cbc2276e3186f,ok
com.csform.android.kasirusaha.apk,com.csform.android.kasirusaha,7.0,7,16,21,1,2522024,46587dc074e2a05b368d62ddb6f7e45aec5c66bbbca195db415d35079d6b4673,True,False,False,1cc3c5174aea486300024eb5f23dd248943afffc78627b672033e38873d796ad,ok
com.cybrosys.odoo_community_pos.xapk,com.cybrosys.odoo_community_pos,1.0.1,5,21,35,5,33025272,1a21c899aae4130a183deb5c4e960bb316a112b3d0453a84ae7efce44c0b4eed,True,True,True,5b29204b459fa534e5f8d8dd525133b5344a21c4689ccd3570d0b3475c618d82,ok
com.cypersystems.billeez.xapk,com.cypersystems.billeez,6.0.0,240,24,36,20,71041893,89a69d09e7f4247afcb4c8cecb75920721a4a8029bbbdad82163358abc60c2d7,False,True,True,4defbf5a69cf3dfa2ba4a0f0fae687b813d24e5f60bc09011e7ead7057586a0c,ok
com.datecs.mpos_datecspay_app.apk,com.datecs.mpos_datecspay_app,1.0.6,100006,16,29,1,8808173,1ce32dbebd67b806dd1ed0b46a3e9b4948fe3d3532d3cb9cff9405b19912f08f,True,True,False,9d35ed02e96194300e8edc64ddf852db3e6449e5deda1da97874fd19fd751c3f,ok
com.goldfieldtech.retailpos.xapk,com.goldfieldtech.retailpos,1.5.0,60,24,37,20,18540604,4bc0a435a5b2e39a54c245cfedf07dadc20023a530228c0532e0f3eb6f1dedc4,False,True,True,2550dac95027df8555dfbee33a90d9762a1b5cb9793c651c581173dfb4fe95b6,ok
com.innovecto.etalastic.xapk,com.innovecto.etalastic,5.6.4-build.1,965,24,36,3,63837380,955c7f4c875aa4eb5c0a2c14f30f5c25e9b65bebea6d21aa4771076d1b75cd66,False,True,True,af9c9e47983fea38f2b0772e6212aa211cd45580a03e02c2c21cb81b53156ded,ok
com.interpaymiura.apk,com.interpaymiura,7.3,37,19,30,1,57042392,8fdaf291490819fb298b1d9429f2dda98e8e8a1c802322fe8b1a38a440ed8c33,True,True,True,8cdcbb2eb5c78e8d1131ab7fefaf4b25577556375bbb2ba23552d7e8fb245bcd,ok
com.itb.aplikasitoko.apk,com.itb.aplikasitoko,2.3,14,27,32,1,9310323,5d8150f6118d0ebc20a3001094f0f5f89d593a2525976129aa0c5ab2452af3fb,False,True,True,dfd8cb152123c271b4b1f880520954bce678542084a01be189e1abdebacc475c,ok
com.kasirpro.kasirpro.apk,com.kasirpro.kasirpro,35.2,352,21,36,1,32830900,7882ec35f222ee7e5e9eda608117785aac6fcd51f0127c45755ca07afdf2b188,True,True,True,9540a05e8d0e3c50f623d8f505064f59d4f961f29ac9a7a15a7091bb071aebcf,ok
com.kipapos.app.xapk,com.kipapos.app,3.5.11,128,21,31,19,14243263,5cac82999938b2ef82ea58077aafc52025b9463dcc46e15dde3d65b5a6ae8bc9,True,True,True,0b0a636546b48d8d198024b973395a8043da140a1e1a0a7f42316ab760dadfe7,ok
com.kounta.androidapp.xapk,com.kounta.androidapp,2.9,423,29,35,4,48284081,2ff4f587ec7a39fe47af8d21ada6805f0e3196334ef4e24827d2c907ae95ef0b,False,True,True,e686c56566f8742baa8c142214451ca3d443fa03774705971367f0c4387d4cd5,ok
com.lithos.pos.xapk,com.lithos.pos,11.10.8,111081,24,36,20,101784130,5024ac5f37431a1380e8072e562e5fb34b7107f1a272c1146781325758afc833,False,True,True,376e4a6bfd51e3fa9d5f526ad87a3f562ac5c9d641ca20b4e7fb83d47c9ea3a9,ok
com.localwell.xapk,com.localwell,140.0,140,27,36,11,84995157,088a5037939931957284dd5d0d2956cc3ae2cfd49103b02eca30400b4817504c,False,True,True,dfab9a9458539cb963ced6df0939172fa3375f5b96fe3ee676a72484b7698c28,ok
com.loyverse.sale.xapk,com.loyverse.sale,2.75,421,24,36,3,121046248,281e8f6ffa28c6d54a398f0fabf654e2a8d99d6c961d471f00c252cb2d418229,False,True,True,6ec2faea6ca7f3f2729fdb1dc8b85ce37bff97e6a8a8b470cea54a24b0f7919c,ok
com.mamoposapp.mamo.xapk,com.mamoposapp.mamo,1.02.26,6,24,35,4,7818387,fa47c1958fea70b91e004925d3070379f9abf9dcc11d7a65eb8217b671978a83,False,True,True,71e8ea150b173c6d44d28b6aab7d87ccab4fca7cc18957d44abd28f88d21abd0,ok
com.menulux.pos.apk,com.menulux.pos,13.2,13200,21,33,1,31431262,7c86f0ce5094afb12d02be50d20499c13d53ed547bd56041bfd3cc69772d5d37,True,True,False,aa0f64c45b8d1c3c92626a75419718bc89a683951dcb93ed6682c46093490cc8,ok
com.mokapos.android.xapk,com.mokapos.android,22.1.0,304,21,36,3,39046112,00504d699775bf913934231d5f22201bdabbd99fb603a25d456d4b7a153d59fe,True,True,True,2492791ac493fde302b997ba2ec5eea9a6cb4fb2c74f09f7064bb5655edd7f35,ok
com.nationalsoft.nsposventa.apk,com.nationalsoft.nsposventa,1.12,75,21,36,1,14129340,db4b6813a29cd5e95e2e12efc1703e438baae120be0e086ac962f343def353a4,True,True,False,686b4548f315ea0a9494267b763c878cb7d05dfed9094cc795254e01775c6563,ok
com.nudge.payment.xapk,com.nudge.payment,15.0,418,29,36,20,66887460,fb5668d8f5147446b57d2b56399b31853af41c1dab50be0909437c28510d73e9,False,True,True,8a2992278659267def0a1e2a56595c7d1846ebc46088425fe9282b1564955a8e,ok
com.odoo_mobikul_pos_app.xapk,com.odoo_mobikul_pos_app,1.17.2,20,24,36,20,25374306,5e8bff8cf9469c29f4cf29eee44d7b9d62d796c45c0fba73b1a325f9e79a2de4,False,True,True,1d1270adc40d727262aff7277453a098a7e683521c4a1521db4769b8a9a554f9,ok
com.park.omb.mybusinessapplication.apk,com.park.omb.mybusinessapplication,1.21,38,21,29,1,3779286,aaed0dd6a7eddb3fee9e5b431f66e613efb301628eb1f57f3c7697a5b8236deb,True,True,True,df0393a5cd83d64e2c72b9365f77d6b411261434a7a17d232746c83d5dddae6a,ok
com.pawoon.pos.xapk,com.pawoon.pos,2.40.3,290,22,35,20,44340377,5ea770397c3edf294c388bdf1625cb6ff6feca5cad791556b09172a4725fbe63,True,True,True,bd4f1ac3829229ac48da5d8333d4e6b06d782586516598094fc66d391734874c,ok
com.petpooja.billing.xapk,com.petpooja.billing,4.5.2,65,25,36,20,31444937,76eb30db834efc356aa5694e1bfa3027be3ec7fee1dc79f12ef7d6afe26e4d30,False,True,True,cfda3654dddc0ebe87e2eba755290d0beb1db2e88c9ca4b670d48fb50c462bd3,ok
com.petpoojaandroidpos.apk,com.petpoojaandroidpos,2.0,5,16,28,1,8492963,0ab6c37f124ff3b0591721b635bb5cba90a1cbcc4c4908f0b43694850b2150ae,True,True,True,63d806a69da9fce038f1c9f776bc25f0725103aa9cd1d81b5ac609006fec5fcc,ok
com.pmi.limited.PMIAPPM05983.xapk,com.pmi.limited.PMIAPPM05983,1.99.1,172,24,35,21,56061014,c98bfb5dbeb05a188dfea0a453af74932b379af9d1932e6fa59765f15ae65432,False,True,True,24fd4e4987ed8f1d5c3ada612a5465c93e8f7ea929d23fc6b207c475bbf112c1,ok
com.podelz.kojo.apk,com.podelz.kojo,1.1.3,5,21,30,1,7230097,c956af75c02433d3d6a0960925d856011933ba94bad1941a2cafdad6af5f04f4,True,True,True,fdb38935dbfda03849625b2ffe6f7d6b581cceb009fd8d6d2e909d8304afa6b7,ok
com.posimplicity.apk,com.posimplicity,8.0,8,13,19,1,12679380,33618e3a40a16a8b6c8aa899243d2a2b50c3083baf7d9129de70a4a1de34f2be,True,False,False,f6918d50ebceb7e49b43948ed6b35b37f910abe64709eb4c9fa2154c9b5e2996,ok
com.quicklyservices.restaurants.xapk,com.quicklyservices.restaurants,6.2.1,500,23,36,20,5351929,6302a339e179eb741401aebc99f50721c61cdbed107de6ae246923c7c68d0a94,True,True,True,d45cb30338de784f14be895bcb86f2f741a6ebaf7b4d70ef97a0f7b648c65540,ok
com.ristaapps.business.apk,com.ristaapps.business,4.0.36,1513,24,35,1,33094325,9eef52d4feb40ed73c225786fda12f12493bdc467c9880ba1fb67daa51118799,False,True,False,db295cd111437b9b515a68634b854b9913c37a2023d959c74d1f39bbcfdb0e8d,ok
com.sannacode.android.mpos.apk,com.sannacode.android.mpos,1.21.40,38,19,28,1,8866596,797fabe80c63591a7f35b62334ed719d95a1a8b8f35bcdd9a40b2563ad26d7a8,True,True,False,bc0ac60d594624633d027370bda5be8b980957598d73aeeb413bebaed296b8b6,ok
com.sarutech.pharmacy.apk,com.sarutech.pharmacy,0.0.9,9,16,25,1,19722382,b7ac2892f27ba8fb734579423a25109cb02bcf600b7054485556d1a36e3db385,True,False,False,f7d7c73d50bf9853e5cab988a266f2ac3fa5a97e1cf49c1647368a8a43d06a83,ok
com.shopcare.apk,com.shopcare,1.7,24,19,26,1,5995411,ae0ee1d1a7fd4e51083c92e7e8530a993ac4056802003413f930ed8360a7095f,True,True,True,210eca5eea8e9dd8b5802f72b2e6c7017bf0c58301687e9bbfac2336b69892fe,ok
com.shopkeep.pocketandroid.xapk,com.shopkeep.pocketandroid,7.1.0,4514,24,36,20,31922652,63f1971b9da8e58bec1b8be8d910bad635dfa897c975d54b1f568d972d688a6b,False,True,True,4cfb357f60ca0940b49cf53180f01cd19bb4eed57544db8d8e8d5329b593625e,ok
com.simplysafe.pointofsaleoffline.apk,com.simplysafe.pointofsaleoffline,1.0,1,16,25,1,4163259,21d3362fc61972da1805c0657f91fea6b898b3fa668a24565e7bc57a1193e7a7,True,True,True,8f3f248fd893586a19d83ecda95385face31fedd322f84b127a110683a60b182,ok
com.smart.pos.sales.accounting.xapk,com.smart.pos.sales.accounting,2.0.37,129,24,36,20,85775959,499a0373b7e5474fcf7c7c2a08e7604558e35b27aef00ada80758ea577949b7f,False,True,True,463fbd12204224fb945c357a1b32ce5b6f1c6fbf2e167380d8e8393a030ed434,ok
com.sterling.ireappro.apk,com.sterling.ireappro,4.62,429,21,37,1,28641062,4594d266cb01f9952dc5499b727944794498e0447dc7009707c93f991097905a,True,True,False,e4fabc059225db840a7482cdc94110a62a2e9275f2caf4bb07100d342f7b4a24,ok
com.tiendana.pos.xapk,com.tiendana.pos,5.8.0,511,24,35,7,64333049,7116a8c439059f1e0e02f9c8114736454f9ac2cddfeff899b1adfa3e2c4f01e5,False,True,True,10c7093c87975da70f52e3c1b7779b7d088c3ed5a7fe266532dab207a9f0f98d,ok
com.tinybaobab.baobab.pos.xapk,com.tinybaobab.baobab.pos,0.33.5,335,21,33,20,27101649,918d8b509c506a4a4f8d72d3836208482e5e7ff1541360de379abd5873d8fbdc,True,True,True,a800eaf6e167cb44ae142c64a5f46b8cc809b2d83bbb2bad32fafb7d5aab8a65,ok
com.toasttab.pos.apk,com.toasttab.pos,2.36.8,2360881,19,28,1,40101037,f1d59a9eda523b72e4e7f6c6b538ea682ad85ceff1f861e6f136feeb514b8761,True,True,False,572505694cbf9e5a58b216a9b63b1b1a0cbefbe0191cfe12b897576ab7a44b45,ok
com.vendhq.scanner.xapk,com.vendhq.scanner,5.15.1,1001,26,37,4,93693822,f04011c2da027adab2639fd511f82c8e1453056d7c56552000d30c9d9afbc428,False,True,True,ea798de815c4b1a6973e01799acd07c9761928a8b46287db84507c799a03eac2,ok
com.webkul.mobikul.pos.xapk,com.webkul.mobikul.pos,6.1.68,6368,21,36,3,32294987,c9e44f579ef77169eaff88ad650888a9a9fb59c631e11303d3cfa6e382c01e7a,True,True,True,a5203b56d5e8413ed6e23713e6b851c7fa4f41e51fd0ba750ad79aaa5e403e8a,ok
com.woogigs.pos.apk,com.woogigs.pos,3.7.62,335,22,36,1,18779348,936223af3c3db529cbdd41bda0c7b7a7e509c6120f3c8790967bbf3bdb048834,True,True,True,6e25b6ac8b99bd144a203334a270b25e3c423bf1d8a3b1f2e9a41d54ef981432,ok
com.yl.kasirgo.xapk,com.yl.kasirgo,2.8.1,129,24,36,4,38001073,77c44b054472c422ab830e2f33b3a29dcd80a884d9b348cfaf86857b8af01db3,False,True,True,84aa96b50886348cf9176f276a7aaa0fbe9837ad92315ff888dd35aefa9b6086,ok
com.zobaze.pos.xapk,com.zobaze.pos,2.8.2,582,24,36,3,32958179,9bcbf9d7e5102a869c25d6092fbbf3a4d059cde76dd8c6065dcc20d0c1f2d271,False,True,True,d88e2ab824ec97b76f377b1b4ee97cb54b3a677760341ec3ad3e300494da826f,ok
com.zobaze.restaurant.pos.xapk,com.zobaze.restaurant.pos,2.7.65,565,23,35,20,48375795,1ee1abbd50c905e3832f89351e48fcb84b7f8eb62668ef2f94b1a4d037612026,True,True,True,2f8dce75c8d60221a7e8af5b15e72485c99230f268524fd2ed411560ff4b2c96,ok
dev.ideduasen.nupos.xapk,dev.ideduasen.nupos,1.3.1,222,24,34,20,19186225,2ec2ae1e032867eeb2a0cf719156f4ec9ab56201f5df41c619e526baa1fc6841,True,True,True,c0076ad5c86f882888505917922cedca833e04fb46ac5e3dda8e8390dab91edd,ok
fr.jdc.nepting.mpostransacteo.apk,fr.jdc.nepting.mpostransacteo,3.0.5,3050,21,33,1,21250205,30233293147960b27fa8b004c3dcd82ba51ee2731f670f5a7ba09a27abe93934,True,True,False,6e99cda117291404e75b8a26ef61cb5b15b05510c76e3e5857c1996727898f92,ok
id.kasirmandiri.app.xapk,id.kasirmandiri.app,2.0.9,35,24,36,5,33755056,ff4a433bfcdc4a13f343f2b46c8542c8b38f1ef33ecb41698d76cbe7eab00c18,False,True,True,b8c606a9998232095689c3172f9aa1058dfb64c43fda0369c01221768ec0d833,ok
id.tms.kawn.apk,id.tms.kawn,10107,10107,19,31,1,20987139,d0e19ef401f70146faf621a48e8956dff20cdf1b9f36661243b7d14f45070107,True,True,True,c2d0bcccb38b7a7f276c7d39eb10a23c087b08b835138975d59aa593f9dbf8dd,ok
io.waiter.android.xapk,io.waiter.android,6.2.0,273,21,29,20,2458449,a54a982a756839ffbb96ac3c21e73e5ed55c515b2bdd79658196547554376d34,True,True,True,096035eb713b3929ac3fd5bc34dddf06514ebf2de670391203b2904dcec5ffa7,ok
it.quickcomanda.quickcomanda.xapk,it.quickcomanda.quickcomanda,87.0,870,26,35,19,11967096,4260edf79a214e0a3b5433898d32fac68613f3b194e9ae3929492564b7eecaa4,False,True,True,dbb03b0fd19b009a44638db3f18e0cfe940e57b7b34d7258c5e5bc8018a4c0d0,ok
kasir.toko.pintar.xapk,kasir.toko.pintar,0.32,31,21,35,21,15437048,8c03841dc92120fc3702f23eca393eebee34a42edccf471620f9e3d53649f695,True,True,True,6a2978b3e2678421f6eaf8821b65edcb5b8a3e8cec957bef562d2ec54ac32cc7,ok
salesplay.salesplaylite.xapk,salesplay.salesplaylite,118.1,3400,23,36,20,48853498,eba8fd73ac3ba1d1e6c5996431eda13267b0fd2f42c55d74c39b4d0f37712f05,True,True,True,75cf7a8b9d8a6cec4110205461fc142080938f94fae9a7d96bec083ec655455f,ok
salesplay.salesplaynew.apk,salesplay.salesplaynew,99.3,150,17,29,1,47557448,aabb2eace9758be1b9e6e2f8e3566f94845ecac1a0c65a5fecc2d2f3c0bf18c4,True,True,True,9e846ccdb3e99534f104b27ef74a24e58c320f511889b9cbf5abe2d664b7899a,ok
snr_computer.salesoft_lite.apk,snr_computer.salesoft_lite,1.7,17,21,28,1,3622222,c0a361c2099dd5e227a2e8c21c7ee8b56171d8762dcec86742d278c88513be12,True,True,False,ac1c86cc18a28dd7cee4b2a0e05b2703afd238741148ea454be43f402755dc4d,ok
