package,name,category,apkpure_url
com.posimplicity,Point of Sale App - POS System (POSimplicity),Retail POS,https://apkpure.com/point-of-sale-app-pos-system/com.posimplicity
com.shopify.pos,Shopify Point of Sale (POS),Retail POS,https://apkpure.com/shopify-point-of-sale-pos/com.shopify.pos
salesplay.salesplaynew,Sales Play POS Plus,Retail/Restaurant POS,https://apkpure.com/sales-play-pos-plus-point-of-sale/salesplay.salesplaynew
salesplay.salesplaylite,SalesPlay POS - Point of Sale,Retail/Restaurant POS,https://apkpure.com/salesplay-pos-point-of-sale/salesplay.salesplaylite
com.zobaze.pos,Zobaze POS Billing & Inventory,Retail POS,https://apkpure.com/zobaze-pos-billing-inventory/com.zobaze.pos
com.zobaze.restaurant.pos,Restaurant & Cafe Billing POS (Zobaze),Restaurant POS,https://apkpure.com/restaurant-caf%C3%A9-billing-pos/com.zobaze.restaurant.pos
com.ristaapps.business,Rista POS,Retail/Restaurant POS,https://apkpure.com/rista-pos-point-of-sale/com.ristaapps.business
com.loyverse.sale,Loyverse POS,Retail/Restaurant POS,https://apkpure.com/loyverse-pos-point-of-sale/com.loyverse.sale
co.tunder,Tunder POS,Retail POS (offline),https://apkpure.com/tunder-%C2%B7-pos-%C2%B7-point-of-sale/co.tunder
com.smart.pos.sales.accounting,POS App Offline Point Of Sale,Retail POS (offline),https://apkpure.com/pos-app-offline-point-of-sale/com.smart.pos.sales.accounting
com.billing.system,Custom Bill Print / POS Billing,Retail/Restaurant POS,https://apkpure.com/abrechnungssoftware-pos/com.billing.system
com.webkul.mobikul.pos,POS App Retail Billing POS (Webkul),Retail POS,https://apkpure.com/pos-billing-invoice-inventory/com.webkul.mobikul.pos
com.sterling.ireappro,Cashier/POS & Stock iReap PRO,Retail POS,https://apkpure.com/cashier-pos-stock-ireap-pro/com.sterling.ireappro
abs.android.absoft.com,POS Mobile,Retail POS,https://apkpure.com/pos-mobile/abs.android.absoft.com
com.goldfieldtech.retailpos,Retail POS (Goldfield),Retail POS,https://apkpure.com/retail-pos/com.goldfieldtech.retailpos
com.tinybaobab.baobab.pos,POS & Stock Inventory Tracker,Retail POS,https://apkpure.com/pos-stock-inventory-tracker/com.tinybaobab.baobab.pos
com.lithos.pos,LithosPOS Retail/F&B,Retail/Restaurant POS,https://apkpure.com/lithospos-retail-f-b-pos/com.lithos.pos
com.cypersystems.billeez,Billeez POS,Retail POS,https://apkpure.com/billeez-pos-easy-billing-app/com.cypersystems.billeez
com.shopcare,Smart Retail Bill - Point of Sale,Retail POS,https://apkpure.com/smart-retail-bill-point-of-sale/com.shopcare
com.simplysafe.pointofsaleoffline,Simply POS (offline),Retail POS (offline),https://apkpure.com/simply-pos-offline/com.simplysafe.pointofsaleoffline
com.park.omb.mybusinessapplication,Oh My POS,Retail POS (offline),https://apkpure.com/oh-my-pos-cash-register/com.park.omb.mybusinessapplication
com.csform.android.kasirusaha,Point of Sale (csform),Retail POS,https://apkpure.com/point-of-sale/com.csform.android.kasirusaha
snr_computer.salesoft_lite,Salesoft Point Of Sales,Retail POS,https://apkpure.com/salesoft-point-of-sales-pos/snr_computer.salesoft_lite
com.nowpos.pos,PayVoo Point of Sale,Retail POS,https://apkpure.com/payvoo-point-of-sale-pos/com.nowpos.pos
com.codemobiles.pospos,POSPOS (Thai),Retail POS,https://apkpure.com/pospos/com.codemobiles.pospos
com.auco.android,Restaurant SMART POS,Restaurant POS,https://apkpure.com/restaurant-smart-pos/com.auco.android
com.menulux.pos,Menulux Restaurant POS,Restaurant POS,https://apkpure.com/menulux-restaurant-pos-system/com.menulux.pos
io.waiter.android,Waiter POS Restaurant POS Bar,Restaurant POS,https://apkpure.com/waiter-pos-restaurant-pos-bar/io.waiter.android
biz.didan.caferestoran,Didan POS Restaurant,Restaurant POS,https://apkpure.com/didan-cafe-restaurant-pos/biz.didan.caferestoran
com.aadhk.wnopos,W&O Restaurant POS,Restaurant POS,https://apkpure.com/w-o-restaurant-pos-demo/com.aadhk.wnopos
com.quicklyservices.restaurants,RestroGreen POS,Restaurant POS,https://apkpure.com/quickly-restaurant-billing-app/com.quicklyservices.restaurants
it.quickcomanda.quickcomanda,"Restaurant, Order, POS, KDS (QuickComanda)",Restaurant POS,https://apkpure.com/restaurant-order-pos-kds/it.quickcomanda.quickcomanda
com.toasttab.pos,Toast POS,Restaurant POS,https://apkpure.com/toast-pos-system/com.toasttab.pos
com.kounta.androidapp,Lightspeed Restaurant POS (O),Restaurant POS,https://apkpure.com/lightspeed-kounta-pos/com.kounta.androidapp
com.shopkeep.pocketandroid,Lightspeed Pocket (S),POS companion (reporting),https://apkpure.com/lightspeed-pocket-s/com.shopkeep.pocketandroid
com.vendhq.scanner,Lightspeed Scanner (X),POS companion (scanner),https://apkpure.com/lightspeed-scanner-x/com.vendhq.scanner
com.petpoojaandroidpos,Petpooja - POS,Restaurant POS,https://apkpure.com/petpooja-pos/com.petpoojaandroidpos
com.petpooja.billing,Petpooja - Merchant App,Restaurant POS,https://apkpure.com/petpooja-merchant-app/com.petpooja.billing
com.acespritech.mobile.android_pos_v10,Odoo POS V10,ERP POS client,https://apkpure.com/odoo-pos-v10-community-edition/com.acespritech.mobile.android_pos_v10
com.acespritech.mobile.android_pos_v11,Odoo POS V11,ERP POS client,https://apkpure.com/odoo-pos-community-edition-v11/com.acespritech.mobile.android_pos_v11
com.acespritech.mobile.android_pos_v12,Odoo POS V12,ERP POS client,https://apkpure.com/odoo-pos-v12/com.acespritech.mobile.android_pos_v12
com.odoo_mobikul_pos_app,Odoo Mobikul POS,ERP POS client,https://apkpure.com/point-of-sale-application-for-odoo-pos/com.odoo_mobikul_pos_app
com.cybrosys.odoo_community_pos,Odoo Community POS (Cybrosys),ERP POS client,https://apkpure.com/odoo-community-pos/com.cybrosys.odoo_community_pos
com.caresol.android,CareSol Pharmacy ERP & POS,Pharmacy POS,https://apkpure.com/caresol-pharmacy-erp-pos/com.caresol.android
com.sarutech.pharmacy,Pharmacy Management System,Pharmacy POS,https://apkpure.com/pharmacy-management-system/com.sarutech.pharmacy
com.localwell,Pharmacy Medical Store Billing,Pharmacy POS,https://apkpure.com/pharma-medical-biling-software/com.localwell
fr.jdc.nepting.mpostransacteo,MPOS TRANSACTEO,mPOS / card payment,https://apkpure.com/mpos-transacteo/fr.jdc.nepting.mpostransacteo
com.aevi.mpos.gp.cz,MPOS GPN (Global Payments),mPOS / card payment,https://apkpure.com/mpos-gpn/com.aevi.mpos.gp.cz
com.cba.payable,Payable,mPOS / card payment,https://apkpure.com/payable/com.cba.payable
com.nudge.payment,Payment for Stripe,mPOS / card payment,https://apkpure.com/payment-for-stripe/com.nudge.payment
com.interpaymiura,Interpay's mPOS,mPOS / card payment,https://apkpure.com/interpay-s-mpos/com.interpaymiura
com.datecs.mpos_datecspay_app,mPos DatecsPay,mPOS / card payment,https://apkpure.com/mpos-datecspay/com.datecs.mpos_datecspay_app
com.smartpesa.weepay,WeePay mPOS,mPOS / card payment,https://apkpure.com/weepay-mpos/com.smartpesa.weepay
com.sannacode.android.mpos,mPOS (Sannacode),mPOS / card payment,https://apkpure.com/mpos/com.sannacode.android.mpos
com.carropago.carropagobbpos,Carropago MPOS,mPOS / card payment,https://apkpure.com/carropago-mpos/com.carropago.carropagobbpos
by.iba.tapxphone,tapXphone (SoftPOS),SoftPOS / NFC,https://apkpure.com/tapxphone/by.iba.tapxphone
com.nationalsoft.nsposventa,Punto de venta NS POS,Retail POS (Spanish),https://apkpure.com/punto-de-venta-ns-pos/com.nationalsoft.nsposventa
com.tiendana.pos,Tiendana POS,Retail POS (Spanish),https://apkpure.com/tiendana-pos-punto-de-venta/com.tiendana.pos
com.itb.aplikasitoko,Aplikasi Kasir: ITB POS Online,Retail POS (Indonesian),https://apkpure.com/aplikasi-kasir-itb-pos-online/com.itb.aplikasitoko
com.yl.kasirgo,KasirGo,Retail POS (Indonesian),https://apkpure.com/kasirgo/com.yl.kasirgo
id.kasirmandiri.app,Kasir Mandiri POS & PPOB,Retail POS (Indonesian),https://apkpure.com/kasir-mandiri-pos-dan-ppob/id.kasirmandiri.app
dev.ideduasen.nupos,NUPOS Aplikasi Kasir,Retail POS (Indonesian),https://apkpure.com/nupos-aplikasi-kasir-pos/dev.ideduasen.nupos
com.innovecto.etalastic,Qasir POS,Retail POS (Indonesian),https://apkpure.com/qasir-point-of-sale-report/com.innovecto.etalastic
com.mamoposapp.mamo,Mamo POS,Retail POS (Indonesian),https://apkpure.com/mamo-pos-aplikasi-kasir-umkm/com.mamoposapp.mamo
com.kasirpro.kasirpro,KasirPro,Retail POS (Indonesian),https://apkpure.com/kasirpro-aplikasi-kasir-pos/com.kasirpro.kasirpro
id.tms.kawn,KAWN Point of Sales,Restaurant POS (Indonesian),https://apkpure.com/kawn-point-of-sales-pos-ka/id.tms.kawn
com.kipapos.app,Kipa Kasir Usaha,Retail POS (Indonesian),https://apkpure.com/kipa-app-kasir-usaha-lengkap/com.kipapos.app
com.mokapos.android,Moka POS,Retail/Restaurant POS (Indonesian),https://apkpure.com/moka-pos-aplikasi-kasir/com.mokapos.android
kasir.toko.pintar,Kasir Toko Pintar Portable,Retail POS (Indonesian),https://apkpure.com/kasir-toko-pintar-portable/kasir.toko.pintar
com.pmi.limited.PMIAPPM05983,AYO Kasir by SRC,Retail POS (Indonesian),https://apkpure.com/ayo-src-kasir/com.pmi.limited.PMIAPPM05983
com.podelz.kojo,KOJO Kasir Online,Retail POS (Indonesian),https://apkpure.com/kojo-kasir-online-jualan-online-offline/com.podelz.kojo
com.pawoon.pos,Pawoon Kasir / POS,Retail/Restaurant POS (Indonesian),https://apkpure.com/pawoon-kasir-pos-online/com.pawoon.pos
com.bits.bee.bpmc,Beepos Mobile,Retail POS (Indonesian),https://apkpure.com/beepos-mobile-pos-kasir-2-0/com.bits.bee.bpmc
com.woogigs.pos,Woogigs CRM Tools by Looyal,POS companion (CRM),https://apkpure.com/woogigs-crm-tools-by-looyal/com.woogigs.pos
